title_keyword|status
API Testing - institution6016|effective
Debugging - simple4272|effective
Mobile Legends - key1586|non-effective
Lazada - know9976|non-effective
Anime - war1726|non-effective
Free Fire - buy9578|non-effective
Instagram - today149|non-effective
Slack - commercial4740|effective
Shopee - military5372|non-effective
Zoom Meeting - hotel3689|effective
Notion - start3839|effective
IntelliJ IDEA - something5370|effective
Code Review - room5683|effective
Free Fire - whole8889|non-effective
Shopee - understand8894|non-effective
DevOps Tools - successful9939|effective
CI/CD Pipeline - choice7743|effective
Browsing - short6841|non-effective
PUBG - power5896|non-effective
Notion - wall2405|effective
Gaming - thank4170|non-effective
DevOps Tools - program2364|effective
Instagram - final8029|non-effective
Netflix - wind4518|non-effective
Reddit - forget7114|non-effective
Jira - through4500|effective
TikTok - point8370|non-effective
Teams - Meeting - agreement3923|effective
CI/CD Pipeline - their4908|effective
Live Stream - page7120|non-effective
Netflix - tell2142|non-effective
IntelliJ IDEA - car5831|effective
Database Query - thus8614|effective
GitLab - cut8373|effective
Code Review - really838|effective
Teams - Meeting - stay5180|effective
PyCharm - event7732|effective
PUBG - our7288|non-effective
Terminal - next7145|effective
Browsing - newspaper2508|non-effective
Reddit - rise2672|non-effective
Slack - few4106|effective
Confluence - few3984|effective
IDE Plugin - whom867|effective
GitLab - job3982|effective
Free Fire - century3593|non-effective
GitHub - night6771|effective
PUBG - class750|non-effective
Terminal - institution8185|effective
CI/CD Pipeline - citizen8363|effective
Slack - second6540|effective
Netflix - talk546|non-effective
Terminal - institution9325|effective
Sprint Planning - body975|effective
Canva - heavy7265|effective
Notion - military1707|effective
Shopee - recently6180|non-effective
WhatsApp - skill7116|non-effective
Music Playlist - lose2926|non-effective
Sprint Planning - particularly4496|effective
Shopee - responsibility1120|non-effective
Live Stream - against9041|non-effective
Slack - pay5085|effective
Sprint Planning - service2799|effective
Reddit - move2325|non-effective
Notion - between2528|effective
Anime - court7650|non-effective
Canva - purpose3102|effective
PUBG - collection8207|non-effective
Gojek - part8705|non-effective
Spotify - Congress4708|non-effective
TikTok - remember8669|non-effective
Canva - no3004|effective
Visual Studio Code - wall8651|effective
Shopee - concern5537|non-effective
Debugging - human7766|effective
GitHub - shake1126|effective
Anime - thank5906|non-effective
Spotify - show5180|non-effective
Movie Night - standard8483|non-effective
Gaming - close6199|non-effective
Mobile Legends - what7896|non-effective
Tokopedia - war5973|non-effective
Gaming - pattern2238|non-effective
Database Query - spend3941|effective
Database Query - consider8842|effective
Teams - Meeting - last2143|effective
Figma - protect4826|effective
PUBG - particular5428|non-effective
WhatsApp - available5682|non-effective
Netflix - marriage2582|non-effective
Gojek - get3984|non-effective
IDE Plugin - measure2382|effective
Free Fire - compare5518|non-effective
Music Playlist - body9590|non-effective
Zoom Meeting - television5260|effective
Instagram - top371|non-effective
GitLab - practice4284|effective
Movie Night - information2683|non-effective
Browsing - popular6585|non-effective
IntelliJ IDEA - see1504|effective
WhatsApp - look8852|non-effective
Drama Streaming - century2268|non-effective
Design Review - create1014|effective
Notion - writer680|effective
TikTok - cut1216|non-effective
Sprint Planning - positive7979|effective
Instagram - rise4421|non-effective
Live Stream - huge4617|non-effective
Instagram - house8573|non-effective
Twitter - property9702|non-effective
Sprint Planning - past2137|effective
Terminal - player4077|effective
Database Query - enter3057|effective
PyCharm - partner7352|effective
Shopping - glass3253|non-effective
Facebook - ten1453|non-effective
API Testing - add4098|effective
Terminal - country4758|effective
WhatsApp - music9117|non-effective
Drama Streaming - consider4972|non-effective
IDE Plugin - who4512|effective
YouTube - certainly2665|non-effective
TikTok - dinner7879|non-effective
Confluence - note6738|effective
Notion - develop1512|effective
Shopping - audience6625|non-effective
Mobile Legends - open7360|non-effective
Debugging - anyone4723|effective
Shopee - wind8710|non-effective
GitHub - tend6529|effective
Shopping - town3966|non-effective
Design Review - forget1862|effective
Debugging - onto353|effective
Spotify - brother4970|non-effective
Lazada - son4660|non-effective
API Testing - actually8139|effective
API Testing - keep3577|effective
Confluence - stuff7741|effective
Debugging - test2146|effective
DevOps Tools - while3886|effective
Sprint Planning - language5141|effective
Jira - agreement5624|effective
Code Review - around3561|effective
Movie Night - manage4912|non-effective
Netflix - back5148|non-effective
Reddit - approach7812|non-effective
Live Stream - while2212|non-effective
Lazada - mother9307|non-effective
Notion - hour2364|effective
API Testing - per7299|effective
Architecture Diagram - red9517|effective
Teams - Meeting - think9394|effective
API Testing - north7444|effective
Zoom Meeting - free3000|effective
Facebook - control5457|non-effective
Zoom Meeting - place5076|effective
IntelliJ IDEA - interest5176|effective
Zoom Meeting - choice7796|effective
TikTok - full7776|non-effective
DevOps Tools - bill9394|effective
Free Fire - explain6222|non-effective
DevOps Tools - consider4373|effective
Facebook - clearly6104|non-effective
GitLab - customer8199|effective
Notion - century1445|effective
Shopee - stay5144|non-effective
Slack - exist2603|effective
Grab - clearly7525|non-effective
TikTok - body5813|non-effective
Teams - Meeting - administration468|effective
Reddit - vote810|non-effective
Browsing - major9753|non-effective
Design Review - lot5333|effective
Live Stream - role7188|non-effective
IntelliJ IDEA - sell6388|effective
Teams - Meeting - song4861|effective
Shopee - piece7564|non-effective
Slack - if9890|effective
Gojek - natural3083|non-effective
Grab - mean8110|non-effective
DevOps Tools - various9984|effective
TikTok - natural636|non-effective
Drama Streaming - partner3546|non-effective
Spotify - family9171|non-effective
Gaming - poor1828|non-effective
Movie Night - behind5906|non-effective
Facebook - capital907|non-effective
Instagram - perform5377|non-effective
WhatsApp - chance3300|non-effective
GitHub - walk4321|effective
GitLab - program9030|effective
Twitter - industry7779|non-effective
Slack - clearly1118|effective
DevOps Tools - senior6140|effective
Slack - really945|effective
Netflix - brother3882|non-effective
PyCharm - wait7728|effective
Architecture Diagram - site6370|effective
Database Query - then7609|effective
Anime - radio4725|non-effective
Drama Streaming - since695|non-effective
Shopping - would9438|non-effective
API Testing - north8267|effective
Terminal - piece6630|effective
Design Review - community4567|effective
Lazada - decision4218|non-effective
Free Fire - ground5346|non-effective
Drama Streaming - through828|non-effective
CI/CD Pipeline - man2314|effective
DevOps Tools - total6784|effective
Notion - anyone4755|effective
Shopping - she366|non-effective
Tokopedia - machine9445|non-effective
Slack - little5623|effective
Visual Studio Code - role3083|effective
Shopee - staff7473|non-effective
Drama Streaming - factor5773|non-effective
Free Fire - social5582|non-effective
Slack - not6655|effective
Code Review - card2586|effective
DevOps Tools - pay274|effective
Code Review - operation5169|effective
Zoom Meeting - social85|effective
Code Review - whether5652|effective
Debugging - push2267|effective
IntelliJ IDEA - picture5843|effective
IDE Plugin - option3356|effective
Spotify - painting2068|non-effective
Terminal - somebody9876|effective
Mobile Legends - expert9636|non-effective
Tokopedia - cultural83|non-effective
Netflix - sometimes1117|non-effective
Gaming - move5586|non-effective
API Testing - respond1037|effective
Visual Studio Code - fire9616|effective
Sprint Planning - trip7233|effective
DevOps Tools - try7514|effective
Facebook - focus7496|non-effective
Slack - hold475|effective
Reddit - kind6050|non-effective
Slack - professor5472|effective
Visual Studio Code - hope4231|effective
Code Review - blue6384|effective
GitHub - current7962|effective
GitHub - and87|effective
Music Playlist - development2016|non-effective
DevOps Tools - water779|effective
Netflix - vote7649|non-effective
WhatsApp - rich1513|non-effective
Drama Streaming - financial8984|non-effective
Sprint Planning - kind8488|effective
GitHub - both950|effective
Twitter - cold5435|non-effective
Browsing - training964|non-effective
Notion - soldier5883|effective
Movie Night - skill3062|non-effective
CI/CD Pipeline - security6151|effective
Music Playlist - accept1188|non-effective
Code Review - open7963|effective
Sprint Planning - south4892|effective
GitLab - line3186|effective
Visual Studio Code - popular1218|effective
Debugging - blue5895|effective
Anime - decision9190|non-effective
Slack - blue6146|effective
Drama Streaming - minute1623|non-effective
Netflix - society1291|non-effective
Spotify - visit6634|non-effective
Gojek - realize4196|non-effective
DevOps Tools - whom3827|effective
Tokopedia - material3089|non-effective
Twitter - surface5969|non-effective
Reddit - business4425|non-effective
Code Review - maybe9423|effective
TikTok - figure2166|non-effective
Music Playlist - let3167|non-effective
Free Fire - ten8043|non-effective
Reddit - charge1822|non-effective
Terminal - present2783|effective
Shopping - raise1096|non-effective
Shopping - within1611|non-effective
Teams - Meeting - south2771|effective
Terminal - despite6000|effective
Browsing - if5705|non-effective
Teams - Meeting - run6498|effective
Gaming - everything569|non-effective
CI/CD Pipeline - yourself3934|effective
Anime - skin2492|non-effective
Anime - sort4616|non-effective
Twitter - available8179|non-effective
Terminal - treatment3709|effective
Architecture Diagram - defense4729|effective
WhatsApp - quality9880|non-effective
TikTok - next9381|non-effective
API Testing - think7376|effective
Drama Streaming - camera3850|non-effective
Shopee - big838|non-effective
Facebook - speak4931|non-effective
YouTube - look3009|non-effective
Jira - purpose5362|effective
Visual Studio Code - material4971|effective
Debugging - time8571|effective
Facebook - could7885|non-effective
Architecture Diagram - check5262|effective
Notion - bring6451|effective
Music Playlist - increase9088|non-effective
Spotify - particular128|non-effective
GitLab - admit748|effective
Visual Studio Code - no8163|effective
Free Fire - argue1242|non-effective
DevOps Tools - conference2649|effective
Facebook - enjoy7176|non-effective
Terminal - most936|effective
Code Review - range5165|effective
Notion - stop9589|effective
Music Playlist - way4464|non-effective
DevOps Tools - store3472|effective
GitHub - officer4518|effective
Visual Studio Code - time360|effective
CI/CD Pipeline - control3113|effective
GitLab - room363|effective
Jira - employee9405|effective
API Testing - born9216|effective
Jira - than4350|effective
IDE Plugin - leg325|effective
Netflix - plant2706|non-effective
Drama Streaming - newspaper9330|non-effective
Instagram - son7952|non-effective
API Testing - bed5397|effective
Architecture Diagram - fine5304|effective
PyCharm - picture2885|effective
Live Stream - challenge330|non-effective
Music Playlist - seven9003|non-effective
Shopee - seem772|non-effective
WhatsApp - city4039|non-effective
Drama Streaming - commercial5268|non-effective
Code Review - improve206|effective
Jira - as1189|effective
Netflix - do9364|non-effective
WhatsApp - page2464|non-effective
Movie Night - loss1422|non-effective
DevOps Tools - rich7709|effective
Lazada - time3700|non-effective
Movie Night - institution9142|non-effective
CI/CD Pipeline - agreement2739|effective
Shopping - candidate5584|non-effective
WhatsApp - face9876|non-effective
IDE Plugin - wrong7349|effective
Sprint Planning - prove5070|effective
IDE Plugin - nation232|effective
Grab - whatever2707|non-effective
Terminal - wife4284|effective
Grab - fund3402|non-effective
Reddit - kitchen7623|non-effective
Drama Streaming - their3628|non-effective
Lazada - see3461|non-effective
WhatsApp - building2992|non-effective
GitLab - war9948|effective
CI/CD Pipeline - we4369|effective
Teams - Meeting - provide6409|effective
TikTok - well9116|non-effective
IntelliJ IDEA - certainly1580|effective
DevOps Tools - become9864|effective
Lazada - art7770|non-effective
Live Stream - interesting9962|non-effective
Figma - knowledge1914|effective
Debugging - pay8721|effective
Visual Studio Code - next9735|effective
Music Playlist - heavy3046|non-effective
Anime - race6934|non-effective
Browsing - friend8038|non-effective
GitLab - her6192|effective
Gojek - position4160|non-effective
Sprint Planning - someone8801|effective
Browsing - occur4124|non-effective
Teams - Meeting - such9190|effective
Instagram - better1410|non-effective
Free Fire - return809|non-effective
Figma - section4587|effective
Canva - soon194|effective
GitHub - suffer1688|effective
GitLab - growth7770|effective
Grab - produce6673|non-effective
Gojek - recognize6013|non-effective
Lazada - owner8736|non-effective
Movie Night - blood1799|non-effective
Canva - officer917|effective
Live Stream - speak6198|non-effective
Free Fire - international1621|non-effective
Music Playlist - be8407|non-effective
Lazada - property1840|non-effective
Movie Night - difference7270|non-effective
CI/CD Pipeline - best1074|effective
IntelliJ IDEA - nice5757|effective
Movie Night - boy1811|non-effective
Instagram - standard8200|non-effective
Browsing - since6838|non-effective
Drama Streaming - weight1369|non-effective
Browsing - visit4456|non-effective
Music Playlist - above7417|non-effective
Confluence - these3354|effective
Visual Studio Code - party63|effective
Design Review - herself6071|effective
Shopping - finish3158|non-effective
Figma - stop8761|effective
Confluence - themselves4968|effective
Zoom Meeting - somebody6169|effective
Slack - positive6594|effective
Reddit - beat8221|non-effective
Terminal - not7287|effective
Tokopedia - gun9951|non-effective
Reddit - how5196|non-effective
Shopping - information6773|non-effective
Browsing - return5882|non-effective
Drama Streaming - audience831|non-effective
Code Review - heavy6075|effective
TikTok - remember9947|non-effective
Confluence - address2969|effective
CI/CD Pipeline - hold2456|effective
YouTube - arrive6007|non-effective
GitLab - business9952|effective
GitHub - professor8052|effective
Grab - may8878|non-effective
DevOps Tools - carry7658|effective
GitLab - know7567|effective
DevOps Tools - after8225|effective
CI/CD Pipeline - card6171|effective
Tokopedia - off4085|non-effective
Tokopedia - check2017|non-effective
Zoom Meeting - skin6190|effective
Notion - say1526|effective
PyCharm - half9368|effective
Instagram - career381|non-effective
Anime - leader2045|non-effective
Tokopedia - shoulder8923|non-effective
Jira - food2854|effective
Mobile Legends - high2526|non-effective
Terminal - recently9600|effective
Browsing - speak5660|non-effective
Free Fire - factor3928|non-effective
Visual Studio Code - final2352|effective
WhatsApp - as272|non-effective
Spotify - character1789|non-effective
IDE Plugin - business5098|effective
Lazada - opportunity5837|non-effective
Facebook - down3973|non-effective
Live Stream - beat1514|non-effective
Design Review - only4963|effective
Debugging - short7642|effective
Facebook - sometimes5450|non-effective
Movie Night - hundred4987|non-effective
Anime - investment9990|non-effective
Twitter - direction1017|non-effective
Database Query - yes2729|effective
GitHub - compare1870|effective
GitLab - fight1630|effective
Movie Night - particularly8916|non-effective
WhatsApp - rather2607|non-effective
PUBG - money1215|non-effective
Visual Studio Code - data1157|effective
API Testing - few8099|effective
API Testing - beautiful8382|effective
Tokopedia - international9359|non-effective
Instagram - term2332|non-effective
PyCharm - around9288|effective
Visual Studio Code - agreement7147|effective
Browsing - government4618|non-effective
Code Review - produce3630|effective
Tokopedia - movie6109|non-effective
Shopee - language5506|non-effective
Twitter - soldier2490|non-effective
Drama Streaming - military2554|non-effective
Gaming - future7961|non-effective
Zoom Meeting - him5418|effective
Gojek - focus586|non-effective
Teams - Meeting - trade7456|effective
Zoom Meeting - standard6727|effective
Code Review - soldier3899|effective
Drama Streaming - heavy5864|non-effective
Zoom Meeting - population4801|effective
IntelliJ IDEA - marriage6667|effective
Tokopedia - contain3851|non-effective
WhatsApp - military4006|non-effective
GitLab - toward5854|effective
Database Query - cover614|effective
Code Review - offer4166|effective
Anime - according9145|non-effective
Drama Streaming - green6971|non-effective
Movie Night - international1804|non-effective
Visual Studio Code - paper7985|effective
Confluence - prevent2268|effective
Gaming - house6814|non-effective
IntelliJ IDEA - strong6161|effective
Gojek - break9406|non-effective
Tokopedia - though8963|non-effective
PUBG - state1399|non-effective
Drama Streaming - discussion1222|non-effective
Live Stream - blue7719|non-effective
Teams - Meeting - capital7769|effective
Terminal - expect7016|effective
Architecture Diagram - cultural6517|effective
Drama Streaming - answer7668|non-effective
Canva - key1780|effective
GitLab - remain7071|effective
Teams - Meeting - on8198|effective
Canva - what2590|effective
DevOps Tools - identify7000|effective
Debugging - evening8736|effective
Lazada - debate4600|non-effective
Jira - thousand6341|effective
CI/CD Pipeline - meeting3870|effective
Instagram - two4821|non-effective
Netflix - our8497|non-effective
Browsing - toward1314|non-effective
Facebook - response7455|non-effective
Debugging - good9076|effective
API Testing - clear6180|effective
IntelliJ IDEA - nice2182|effective
Browsing - if7810|non-effective
Music Playlist - cause1071|non-effective
YouTube - direction7074|non-effective
DevOps Tools - night8962|effective
Shopee - two2606|non-effective
Browsing - stay7689|non-effective
Gojek - become8823|non-effective
WhatsApp - dinner1191|non-effective
Shopping - security7928|non-effective
Twitter - spring3568|non-effective
Shopping - particularly4486|non-effective
Drama Streaming - whole4441|non-effective
Zoom Meeting - wind3861|effective
Teams - Meeting - to5655|effective
Twitter - short555|non-effective
Instagram - southern4803|non-effective
Jira - spring1679|effective
Gaming - far7648|non-effective
IntelliJ IDEA - local3777|effective
Shopping - really5656|non-effective
Database Query - look7821|effective
Shopee - support9014|non-effective
Facebook - national6053|non-effective
Gojek - mission6656|non-effective
Code Review - office5342|effective
API Testing - send3479|effective
WhatsApp - high5942|non-effective
PUBG - example1317|non-effective
Movie Night - head1728|non-effective
Anime - respond5152|non-effective
Zoom Meeting - ago4633|effective
Jira - require8573|effective
Jira - wonder9146|effective
API Testing - dark8098|effective
IntelliJ IDEA - decade7521|effective
Teams - Meeting - order2758|effective
PUBG - arm2502|non-effective
Design Review - card3460|effective
Tokopedia - hope3299|non-effective
Confluence - church3281|effective
Gaming - early8885|non-effective
Database Query - save8352|effective
Notion - from1244|effective
Facebook - for911|non-effective
Teams - Meeting - nature8002|effective
Grab - decade6890|non-effective
Twitter - modern7156|non-effective
Zoom Meeting - attorney5822|effective
Reddit - firm8389|non-effective
Mobile Legends - anyone2567|non-effective
Anime - buy7866|non-effective
Zoom Meeting - church7925|effective
Free Fire - soldier5618|non-effective
Grab - measure2549|non-effective
Free Fire - in2611|non-effective
Teams - Meeting - task8134|effective
Instagram - mission7182|non-effective
Teams - Meeting - type8766|effective
YouTube - light7132|non-effective
YouTube - light6189|non-effective
Gaming - get3802|non-effective
Instagram - amount5831|non-effective
CI/CD Pipeline - quality752|effective
GitLab - home6603|effective
API Testing - management2803|effective
PUBG - put672|non-effective
GitLab - yard822|effective
Grab - blood1812|non-effective
Browsing - stuff7448|non-effective
Drama Streaming - call932|non-effective
Shopee - generation3762|non-effective
Spotify - stage116|non-effective
Free Fire - allow5979|non-effective
Gaming - quality4112|non-effective
Tokopedia - magazine727|non-effective
Terminal - tonight8396|effective
Notion - teacher5132|effective
Zoom Meeting - course6406|effective
IntelliJ IDEA - including8375|effective
Live Stream - billion9047|non-effective
Spotify - laugh7925|non-effective
Debugging - receive9629|effective
Twitter - food5357|non-effective
Gaming - shoulder4781|non-effective
Shopee - front8816|non-effective
Shopping - drive2841|non-effective
Canva - inside6416|effective
Confluence - whom6205|effective
Tokopedia - front9839|non-effective
IDE Plugin - compare2234|effective
Shopee - together840|non-effective
Debugging - air9523|effective
Visual Studio Code - door5435|effective
Anime - whole9108|non-effective
API Testing - way9322|effective
Canva - good9523|effective
Free Fire - radio4170|non-effective
Music Playlist - author6184|non-effective
Spotify - interesting766|non-effective
WhatsApp - newspaper7607|non-effective
Database Query - station7147|effective
Sprint Planning - manage4971|effective
Gaming - benefit583|non-effective
Slack - dream688|effective
Database Query - away865|effective
WhatsApp - few1107|non-effective
Gojek - painting1239|non-effective
Browsing - send8903|non-effective
WhatsApp - month4853|non-effective
Visual Studio Code - huge8416|effective
IDE Plugin - level7692|effective
IDE Plugin - threat3986|effective
Grab - tend7905|non-effective
Architecture Diagram - mean732|effective
Netflix - quite5400|non-effective
Design Review - test4985|effective
DevOps Tools - car420|effective
Drama Streaming - Congress1814|non-effective
Shopee - box2409|non-effective
Code Review - walk1898|effective
IntelliJ IDEA - apply9857|effective
IntelliJ IDEA - cultural71|effective
Notion - food5013|effective
Grab - great7724|non-effective
Music Playlist - market4774|non-effective
Figma - college7900|effective
Netflix - bank4433|non-effective
Architecture Diagram - race5985|effective
Figma - single9585|effective
Mobile Legends - Mr2073|non-effective
WhatsApp - scientist4216|non-effective
Live Stream - one1285|non-effective
Lazada - under2955|non-effective
WhatsApp - century1672|non-effective
GitHub - blue2118|effective
Music Playlist - within4710|non-effective
Facebook - play7526|non-effective
Twitter - majority7029|non-effective
Free Fire - you7555|non-effective
Anime - world9146|non-effective
Shopee - admit8167|non-effective
Grab - wish8669|non-effective
API Testing - company1726|effective
Mobile Legends - hit1104|non-effective
Canva - threat449|effective
Code Review - all9399|effective
Zoom Meeting - senior551|effective
Notion - very341|effective
Visual Studio Code - choose8860|effective
Gojek - either7970|non-effective
Gaming - cold5395|non-effective
Debugging - explain937|effective
GitLab - husband2941|effective
Grab - sort6594|non-effective
Visual Studio Code - realize8522|effective
Netflix - dinner3018|non-effective
Reddit - become5758|non-effective
Figma - experience4506|effective
Confluence - yard8740|effective
Spotify - already7013|non-effective
Grab - policy6545|non-effective
Debugging - term8891|effective
PyCharm - describe7469|effective
Teams - Meeting - government6222|effective
Mobile Legends - traditional5665|non-effective
Live Stream - red2025|non-effective
Zoom Meeting - case3040|effective
Facebook - parent8924|non-effective
Drama Streaming - management7573|non-effective
Teams - Meeting - its3639|effective
Teams - Meeting - sing2685|effective
Teams - Meeting - east200|effective
Drama Streaming - sometimes3418|non-effective
Teams - Meeting - defense5923|effective
Gaming - pay7479|non-effective
GitLab - among7688|effective
Grab - our7729|non-effective
TikTok - must276|non-effective
GitHub - play67|effective
DevOps Tools - not3639|effective
GitHub - resource2640|effective
Jira - up5807|effective
Browsing - activity6983|non-effective
Shopee - degree4283|non-effective
WhatsApp - also3940|non-effective
Instagram - special4263|non-effective
Twitter - way7989|non-effective
DevOps Tools - husband9008|effective
Jira - election4364|effective
Canva - site4331|effective
Design Review - federal7291|effective
GitHub - grow7574|effective
Shopping - subject7400|non-effective
Jira - might2375|effective
Shopping - grow8677|non-effective
Canva - but7105|effective
Instagram - during5154|non-effective
Zoom Meeting - here1471|effective
Code Review - indicate5185|effective
Live Stream - home4122|non-effective
IntelliJ IDEA - information1851|effective
Gojek - body5247|non-effective
Jira - born1835|effective
GitHub - design3191|effective
Gaming - seem9473|non-effective
Instagram - quite257|non-effective
Confluence - behavior2233|effective
Tokopedia - sure1895|non-effective
Browsing - guess1105|non-effective
Reddit - design5544|non-effective
Visual Studio Code - PM90|effective
Mobile Legends - work4284|non-effective
Confluence - course3384|effective
Live Stream - add9397|non-effective
Terminal - change3020|effective
Terminal - eye4235|effective
Reddit - civil5818|non-effective
Reddit - force3424|non-effective
Jira - region9920|effective
Design Review - deep281|effective
Live Stream - large5985|non-effective
Code Review - appear5321|effective
Netflix - speech5893|non-effective
Reddit - thousand9193|non-effective
Database Query - indeed7469|effective
YouTube - blue5870|non-effective
Slack - pretty7061|effective
PUBG - child3322|non-effective
Lazada - base6762|non-effective
Slack - yourself2263|effective
Grab - political7068|non-effective
DevOps Tools - baby2528|effective
PUBG - safe3577|non-effective
Shopping - floor1350|non-effective
Anime - represent7086|non-effective
Sprint Planning - possible6659|effective
Shopee - reduce2994|non-effective
Canva - during897|effective
Code Review - positive3235|effective
Notion - exactly4600|effective
Sprint Planning - little4054|effective
Twitter - nice5917|non-effective
Netflix - although9692|non-effective
Free Fire - husband8774|non-effective
Free Fire - quality2663|non-effective
Grab - memory9177|non-effective
CI/CD Pipeline - six9786|effective
Drama Streaming - prove9676|non-effective
Reddit - center4266|non-effective
Free Fire - him2911|non-effective
Browsing - left2470|non-effective
Instagram - alone8045|non-effective
Notion - politics6582|effective
Teams - Meeting - adult1799|effective
Zoom Meeting - free5875|effective
TikTok - none2093|non-effective
Code Review - east5822|effective
Twitter - final7939|non-effective
Jira - exactly1616|effective
Grab - theory3999|non-effective
Canva - whatever8798|effective
Free Fire - night2304|non-effective
Music Playlist - involve3720|non-effective
Tokopedia - each9579|non-effective
Reddit - list1662|non-effective
Zoom Meeting - church7991|effective
Mobile Legends - way9155|non-effective
Drama Streaming - from4721|non-effective
GitLab - school6650|effective
WhatsApp - behavior6109|non-effective
Spotify - country1513|non-effective
YouTube - very7508|non-effective
PUBG - newspaper3825|non-effective
IntelliJ IDEA - citizen7573|effective
Debugging - hard5681|effective
Database Query - affect9880|effective
Gojek - together8699|non-effective
Facebook - personal9515|non-effective
Shopping - career2539|non-effective
Live Stream - that3804|non-effective
Shopping - account1680|non-effective
Notion - operation8369|effective
IntelliJ IDEA - figure931|effective
Spotify - race9172|non-effective
Teams - Meeting - choose2538|effective
API Testing - spend5924|effective
Grab - low4792|non-effective
Teams - Meeting - message1420|effective
Database Query - someone6190|effective
Browsing - mention8231|non-effective
Jira - thank8381|effective
Debugging - water9962|effective
Database Query - help7819|effective
Anime - form7601|non-effective
Database Query - free6098|effective
Design Review - address365|effective
Database Query - develop9592|effective
GitHub - environment3828|effective
Netflix - day5553|non-effective
PyCharm - pretty9773|effective
Facebook - practice9627|non-effective
Visual Studio Code - book6993|effective
Anime - usually4656|non-effective
YouTube - wife9885|non-effective
Notion - we4937|effective
Movie Night - thousand498|non-effective
Mobile Legends - student7220|non-effective
Music Playlist - you8353|non-effective
GitLab - tree4533|effective
Mobile Legends - like3235|non-effective
Debugging - paper8241|effective
PUBG - sit4462|non-effective
Visual Studio Code - character4942|effective
Jira - very3595|effective
Figma - stand7217|effective
Zoom Meeting - require8418|effective
Sprint Planning - power8979|effective
Grab - study5678|non-effective
GitHub - choice2041|effective
Notion - name5293|effective
Zoom Meeting - soldier4640|effective
Code Review - end4721|effective
Database Query - source5936|effective
Canva - purpose1825|effective
PUBG - family6439|non-effective
Sprint Planning - character7112|effective
GitLab - prevent3788|effective
Zoom Meeting - like610|effective
Gojek - pay8903|non-effective
Figma - father8703|effective
YouTube - box846|non-effective
Gojek - early5083|non-effective
TikTok - ready2590|non-effective
Mobile Legends - partner3904|non-effective
Design Review - yeah1040|effective
DevOps Tools - produce791|effective
Live Stream - professor9463|non-effective
Grab - action8454|non-effective
CI/CD Pipeline - peace4525|effective
Figma - economic9225|effective
Reddit - kitchen3532|non-effective
Mobile Legends - admit4702|non-effective
Mobile Legends - establish464|non-effective
Shopping - contain3876|non-effective
Sprint Planning - act7192|effective
Netflix - must2906|non-effective
Code Review - place922|effective
Sprint Planning - note7802|effective
Mobile Legends - also7269|non-effective
Anime - your8508|non-effective
Confluence - truth6495|effective
Debugging - meet7838|effective
Debugging - even2939|effective
Design Review - move6593|effective
GitLab - these9448|effective
Free Fire - case2303|non-effective
YouTube - inside7252|non-effective
TikTok - serve1403|non-effective
Reddit - foot1060|non-effective
Design Review - woman3320|effective
Music Playlist - future1243|non-effective
WhatsApp - region166|non-effective
Visual Studio Code - its8471|effective
IDE Plugin - nothing3804|effective
Jira - agency974|effective
Terminal - reflect7775|effective
Anime - he9421|non-effective
Mobile Legends - build5322|non-effective
IntelliJ IDEA - great702|effective
Architecture Diagram - significant429|effective
Free Fire - your5067|non-effective
DevOps Tools - sound7164|effective
Live Stream - answer6238|non-effective
YouTube - miss6725|non-effective
Facebook - add2277|non-effective
Spotify - Mrs3614|non-effective
Design Review - family6405|effective
Mobile Legends - other8343|non-effective
Grab - series9688|non-effective
Gaming - million2514|non-effective
Visual Studio Code - though1212|effective
Code Review - mean1651|effective
Design Review - just399|effective
WhatsApp - pretty8485|non-effective
Gaming - sound9553|non-effective
Instagram - lay895|non-effective
API Testing - training4139|effective
Instagram - big5409|non-effective
Twitter - evidence8749|non-effective
YouTube - present5129|non-effective
Twitter - capital490|non-effective
GitLab - we3859|effective
Anime - wait5403|non-effective
IntelliJ IDEA - history4710|effective
WhatsApp - hour781|non-effective
IDE Plugin - least8009|effective
Free Fire - movie2446|non-effective
Facebook - explain842|non-effective
Jira - task625|effective
IDE Plugin - million619|effective
Lazada - nothing9123|non-effective
Shopee - girl1106|non-effective
Gaming - me2253|non-effective
Gojek - green2951|non-effective
Instagram - keep6255|non-effective
Mobile Legends - respond8021|non-effective
Jira - trouble4742|effective
Jira - also9890|effective
Twitter - whatever538|non-effective
Lazada - establish9710|non-effective
Jira - summer5343|effective
Tokopedia - team1648|non-effective
Confluence - nor8312|effective
Sprint Planning - and2627|effective
API Testing - huge2760|effective
DevOps Tools - myself1040|effective
Shopping - pick2849|non-effective
Drama Streaming - entire9316|non-effective
Drama Streaming - pressure1030|non-effective
GitHub - power9639|effective
Tokopedia - child9661|non-effective
Grab - result255|non-effective
IDE Plugin - million8550|effective
API Testing - those8450|effective
IDE Plugin - away1935|effective
API Testing - candidate6200|effective
Mobile Legends - star3705|non-effective
Instagram - floor3887|non-effective
CI/CD Pipeline - Republican4260|effective
Teams - Meeting - night3564|effective
YouTube - style6137|non-effective
Instagram - argue4263|non-effective
Jira - discuss5986|effective
Jira - study9069|effective
WhatsApp - care933|non-effective
Reddit - rock4253|non-effective
Teams - Meeting - theory9396|effective
Database Query - someone1435|effective
Code Review - writer5714|effective
Drama Streaming - produce4001|non-effective
Spotify - test2498|non-effective
PyCharm - see1906|effective
IntelliJ IDEA - religious4939|effective
Movie Night - memory7923|non-effective
Movie Night - specific6391|non-effective
Gojek - tell932|non-effective
Grab - discussion5883|non-effective
Facebook - radio1472|non-effective
Canva - focus5499|effective
Architecture Diagram - time4334|effective
Twitter - since7383|non-effective
Facebook - help8863|non-effective
Netflix - unit819|non-effective
YouTube - financial5527|non-effective
Zoom Meeting - gas5158|effective
Mobile Legends - alone7422|non-effective
Slack - see7536|effective
YouTube - husband7642|non-effective
Shopee - avoid7445|non-effective
Canva - real8065|effective
Slack - pattern8243|effective
Browsing - find7708|non-effective
Mobile Legends - fill7793|non-effective
Netflix - keep8322|non-effective
API Testing - himself7785|effective
Shopping - I2503|non-effective
DevOps Tools - want9635|effective
Slack - resource9932|effective
Anime - crime5717|non-effective
Slack - majority9849|effective
Browsing - nor7662|non-effective
Lazada - reach8960|non-effective
Notion - health1981|effective
Gojek - most412|non-effective
Code Review - recognize4928|effective
Movie Night - animal1870|non-effective
Free Fire - history5886|non-effective
Figma - young3870|effective
Terminal - major5131|effective
Reddit - what5152|non-effective
YouTube - final834|non-effective
